Filenames,Depths,White percents
images\MASK_Sk658 Llobe ch010039.jpg,15,0.5161285400390625
images\MASK_SK658 Slobe ch010066.jpg,1000,1.4475584030151367
images\MASK_SK658 Slobe ch010147.jpg,3000,1.9200801849365234
images\MASK_SK658 Slobe ch010110.jpg,5300,2.289104461669922
images\MASK_SK658 Slobe ch010130.jpg,7000,2.684903144836426
images\MASK_SK658 Slobe ch010114.jpg,9900,5.777835845947266
